[
  {
    "studentId": "ST01",
    "firstName": "John",
    "lastName": "Doe",
    "email": "johndoe@email.com",
    "school": "school01",
    "trainerId": "TR01",
    "enrollmentDate": "2023-12-15",
    "trainingStatus": "enrolled",
    "courseId": "course02"
  },
  {
    "studentId": "ST02",
    "firstName": "Jessy",
    "lastName": "Ryder",
    "email": "jessyryder@email.com",
    "school": "school03",
    "trainerId": "TR02",
    "enrollmentDate": "2024-08-19",
    "trainingStatus": "in-progress",
    "courseId": "course03"
  },
  {
    "studentId": "ST03",
    "firstName": "Sara",
    "lastName": "Taylor",
    "email": "sarataylor@email.com",
    "school": "school02",
    "trainerId": "TR03",
    "enrollmentDate": "2024-05-06",
    "trainingStatus": "completed",
    "courseId": "course04"
  },
  {
    "studentId": "ST04",
    "firstName": "Jason",
    "lastName": "Smith",
    "email": "jasonsmith@email.com",
    "school": "school01",
    "trainerId": "TR01",
    "enrollmentDate": "2023-09-28",
    "trainingStatus": "enrolled",
    "courseId": "course02"
  },
  {
    "studentId": "ST05",
    "firstName": "Ben",
    "lastName": "Harris",
    "email": "benharris@email.com",
    "school": "school02",
    "trainerId": "TR05",
    "enrollmentDate": "2024-06-27",
    "trainingStatus": "in-progress",
    "courseId": "course01"
  }
]