[
  {
    "firstName": "Joel",
    "lastName": "wilson",
    "email": "joelwilson@email.com",
    "school": "school02",
    "trainerId": "TR01",
    "enrollmentDate": "2023-12-15",
    "trainingStatus": "enrolled",
    "courseId": "course02"
  },
  {
    "firstName": "Jessy",
    "lastName": "Rose",
    "email": "jessyrose@email.com",
    "school": "school01",
    "trainerId": "TR05",
    "enrollmentDate": "2024-12-15",
    "trainingStatus": "in-progress",
    "courseId": "course03"
  }
]